{
  "apiVersion": "v1",
  "groupVersion": "certificates.k8s.io/v1",
  "kind": "APIResourceList",
  "resources": [
    {
      "kind": "CertificateSigningRequest",
      "name": "certificatesigningrequests",
      "namespaced": false,
      "shortNames": [
        "csr"
      ],
      "singularName": "certificatesigningrequest",
      "storageVersionHash": "95fRKMXA+00=",
      "verbs": [
        "create",
        "delete",
        "deletecollection",
        "get",
        "list",
        "patch",
        "update",
        "watch"
      ]
    },
    {
      "kind": "CertificateSigningRequest",
      "name": "certificatesigningrequests/approval",
      "namespaced": false,
      "singularName": "",
      "verbs": [
        "get",
        "patch",
        "update"
      ]
    },
    {
      "kind": "CertificateSigningRequest",
      "name": "certificatesigningrequests/status",
      "namespaced": false,
      "singularName": "",
      "verbs": [
        "get",
        "patch",
        "update"
      ]
    }
  ]
}
