{
  "apiVersion": "v1",
  "groupVersion": "admissionregistration.k8s.io/v1",
  "kind": "APIResourceList",
  "resources": [
    {
      "categories": [
        "api-extensions"
      ],
      "kind": "MutatingWebhookConfiguration",
      "name": "mutatingwebhookconfigurations",
      "namespaced": false,
      "singularName": "mutatingwebhookconfiguration",
      "storageVersionHash": "Sqi0GUgDaX0=",
      "verbs": [
        "create",
        "delete",
        "deletecollection",
        "get",
        "list",
        "patch",
        "update",
        "watch"
      ]
    },
    {
      "categories": [
        "api-extensions"
      ],
      "kind": "ValidatingAdmissionPolicy",
      "name": "validatingadmissionpolicies",
      "namespaced": false,
      "singularName": "validatingadmissionpolicy",
      "storageVersionHash": "6OxvlMmQ6is=",
      "verbs": [
        "create",
        "delete",
        "deletecollection",
        "get",
        "list",
        "patch",
        "update",
        "watch"
      ]
    },
    {
      "kind": "ValidatingAdmissionPolicy",
      "name": "validatingadmissionpolicies/status",
      "namespaced": false,
      "singularName": "",
      "verbs": [
        "get",
        "patch",
        "update"
      ]
    },
    {
      "categories": [
        "api-extensions"
      ],
      "kind": "ValidatingAdmissionPolicyBinding",
      "name": "validatingadmissionpolicybindings",
      "namespaced": false,
      "singularName": "validatingadmissionpolicybinding",
      "storageVersionHash": "v9715VZqakg=",
      "verbs": [
        "create",
        "delete",
        "deletecollection",
        "get",
        "list",
        "patch",
        "update",
        "watch"
      ]
    },
    {
      "categories": [
        "api-extensions"
      ],
      "kind": "ValidatingWebhookConfiguration",
      "name": "validatingwebhookconfigurations",
      "namespaced": false,
      "singularName": "validatingwebhookconfiguration",
      "storageVersionHash": "B0wHjQmsGNk=",
      "verbs": [
        "create",
        "delete",
        "deletecollection",
        "get",
        "list",
        "patch",
        "update",
        "watch"
      ]
    }
  ]
}
