{
  "apiVersion": "v1",
  "groupVersion": "apiextensions.k8s.io/v1",
  "kind": "APIResourceList",
  "resources": [
    {
      "categories": [
        "api-extensions"
      ],
      "kind": "CustomResourceDefinition",
      "name": "customresourcedefinitions",
      "namespaced": false,
      "shortNames": [
        "crd",
        "crds"
      ],
      "singularName": "customresourcedefinition",
      "storageVersionHash": "jfWCUB31mvA=",
      "verbs": [
        "create",
        "delete",
        "deletecollection",
        "get",
        "list",
        "patch",
        "update",
        "watch"
      ]
    },
    {
      "kind": "CustomResourceDefinition",
      "name": "customresourcedefinitions/status",
      "namespaced": false,
      "singularName": "",
      "verbs": [
        "get",
        "patch",
        "update"
      ]
    }
  ]
}
