{
  "apiVersion": "v1",
  "groupVersion": "rbac.authorization.k8s.io/v1",
  "kind": "APIResourceList",
  "resources": [
    {
      "kind": "ClusterRoleBinding",
      "name": "clusterrolebindings",
      "namespaced": false,
      "singularName": "clusterrolebinding",
      "storageVersionHash": "48tpQ8gZHFc=",
      "verbs": [
        "create",
        "delete",
        "deletecollection",
        "get",
        "list",
        "patch",
        "update",
        "watch"
      ]
    },
    {
      "kind": "ClusterRole",
      "name": "clusterroles",
      "namespaced": false,
      "singularName": "clusterrole",
      "storageVersionHash": "bYE5ZWDrJ44=",
      "verbs": [
        "create",
        "delete",
        "deletecollection",
        "get",
        "list",
        "patch",
        "update",
        "watch"
      ]
    },
    {
      "kind": "RoleBinding",
      "name": "rolebindings",
      "namespaced": true,
      "singularName": "rolebinding",
      "storageVersionHash": "eGsCzGH6b1g=",
      "verbs": [
        "create",
        "delete",
        "deletecollection",
        "get",
        "list",
        "patch",
        "update",
        "watch"
      ]
    },
    {
      "kind": "Role",
      "name": "roles",
      "namespaced": true,
      "singularName": "role",
      "storageVersionHash": "7FuwZcIIItM=",
      "verbs": [
        "create",
        "delete",
        "deletecollection",
        "get",
        "list",
        "patch",
        "update",
        "watch"
      ]
    }
  ]
}
