{
  "apiVersion": "v1",
  "groupVersion": "apiregistration.k8s.io/v1",
  "kind": "APIResourceList",
  "resources": [
    {
      "categories": [
        "api-extensions"
      ],
      "kind": "APIService",
      "name": "apiservices",
      "namespaced": false,
      "singularName": "apiservice",
      "storageVersionHash": "InPBPD7+PqM=",
      "verbs": [
        "create",
        "delete",
        "deletecollection",
        "get",
        "list",
        "patch",
        "update",
        "watch"
      ]
    },
    {
      "kind": "APIService",
      "name": "apiservices/status",
      "namespaced": false,
      "singularName": "",
      "verbs": [
        "get",
        "patch",
        "update"
      ]
    }
  ]
}
