{
  "apiVersion": "v1",
  "groupVersion": "resource.k8s.io/v1beta1",
  "kind": "APIResourceList",
  "resources": [
    {
      "kind": "DeviceClass",
      "name": "deviceclasses",
      "namespaced": false,
      "singularName": "deviceclass",
      "storageVersionHash": "OgEE055Fbnc=",
      "verbs": [
        "create",
        "delete",
        "deletecollection",
        "get",
        "list",
        "patch",
        "update",
        "watch"
      ]
    },
    {
      "kind": "ResourceClaim",
      "name": "resourceclaims",
      "namespaced": true,
      "singularName": "resourceclaim",
      "storageVersionHash": "RnQSwRxMnsw=",
      "verbs": [
        "create",
        "delete",
        "deletecollection",
        "get",
        "list",
        "patch",
        "update",
        "watch"
      ]
    },
    {
      "kind": "ResourceClaim",
      "name": "resourceclaims/status",
      "namespaced": true,
      "singularName": "",
      "verbs": [
        "get",
        "patch",
        "update"
      ]
    },
    {
      "kind": "ResourceClaimTemplate",
      "name": "resourceclaimtemplates",
      "namespaced": true,
      "singularName": "resourceclaimtemplate",
      "storageVersionHash": "F6aZtQPvFlU=",
      "verbs": [
        "create",
        "delete",
        "deletecollection",
        "get",
        "list",
        "patch",
        "update",
        "watch"
      ]
    },
    {
      "kind": "ResourceSlice",
      "name": "resourceslices",
      "namespaced": false,
      "singularName": "resourceslice",
      "storageVersionHash": "7r9IQQZblMY=",
      "verbs": [
        "create",
        "delete",
        "deletecollection",
        "get",
        "list",
        "patch",
        "update",
        "watch"
      ]
    }
  ]
}
