{
  "apiVersion": "v1",
  "groupVersion": "authorization.k8s.io/v1",
  "kind": "APIResourceList",
  "resources": [
    {
      "kind": "LocalSubjectAccessReview",
      "name": "localsubjectaccessreviews",
      "namespaced": true,
      "singularName": "localsubjectaccessreview",
      "verbs": [
        "create"
      ]
    },
    {
      "kind": "SelfSubjectAccessReview",
      "name": "selfsubjectaccessreviews",
      "namespaced": false,
      "singularName": "selfsubjectaccessreview",
      "verbs": [
        "create"
      ]
    },
    {
      "kind": "SelfSubjectRulesReview",
      "name": "selfsubjectrulesreviews",
      "namespaced": false,
      "singularName": "selfsubjectrulesreview",
      "verbs": [
        "create"
      ]
    },
    {
      "kind": "SubjectAccessReview",
      "name": "subjectaccessreviews",
      "namespaced": false,
      "singularName": "subjectaccessreview",
      "verbs": [
        "create"
      ]
    }
  ]
}
