{
  "apiVersion": "v1",
  "groupVersion": "admissionregistration.k8s.io/v1alpha1",
  "kind": "APIResourceList",
  "resources": [
    {
      "categories": [
        "api-extensions"
      ],
      "kind": "MutatingAdmissionPolicy",
      "name": "mutatingadmissionpolicies",
      "namespaced": false,
      "singularName": "mutatingadmissionpolicy",
      "storageVersionHash": "lP2+lF8aHIY=",
      "verbs": [
        "create",
        "delete",
        "deletecollection",
        "get",
        "list",
        "patch",
        "update",
        "watch"
      ]
    },
    {
      "categories": [
        "api-extensions"
      ],
      "kind": "MutatingAdmissionPolicyBinding",
      "name": "mutatingadmissionpolicybindings",
      "namespaced": false,
      "singularName": "mutatingadmissionpolicybinding",
      "storageVersionHash": "Q2Qe566oRi8=",
      "verbs": [
        "create",
        "delete",
        "deletecollection",
        "get",
        "list",
        "patch",
        "update",
        "watch"
      ]
    }
  ]
}
