{
  "apiVersion": "v1",
  "kind": "APIGroup",
  "name": "admissionregistration.k8s.io",
  "preferredVersion": {
    "groupVersion": "admissionregistration.k8s.io/v1",
    "version": "v1"
  },
  "versions": [
    {
      "groupVersion": "admissionregistration.k8s.io/v1",
      "version": "v1"
    },
    {
      "groupVersion": "admissionregistration.k8s.io/v1beta1",
      "version": "v1beta1"
    },
    {
      "groupVersion": "admissionregistration.k8s.io/v1alpha1",
      "version": "v1alpha1"
    }
  ]
}
