{
  "apiVersion": "v1",
  "groupVersion": "storagemigration.k8s.io/v1alpha1",
  "kind": "APIResourceList",
  "resources": [
    {
      "kind": "StorageVersionMigration",
      "name": "storageversionmigrations",
      "namespaced": false,
      "singularName": "storageversionmigration",
      "storageVersionHash": "N0mJdFqO17c=",
      "verbs": [
        "create",
        "delete",
        "deletecollection",
        "get",
        "list",
        "patch",
        "update",
        "watch"
      ]
    },
    {
      "kind": "StorageVersionMigration",
      "name": "storageversionmigrations/status",
      "namespaced": false,
      "singularName": "",
      "verbs": [
        "get",
        "patch",
        "update"
      ]
    }
  ]
}
