{
  "apiVersion": "v1",
  "groupVersion": "storage.k8s.io/v1alpha1",
  "kind": "APIResourceList",
  "resources": [
    {
      "kind": "VolumeAttributesClass",
      "name": "volumeattributesclasses",
      "namespaced": false,
      "shortNames": [
        "vac"
      ],
      "singularName": "volumeattributesclass",
      "storageVersionHash": "Bl3MtjZ/n/s=",
      "verbs": [
        "create",
        "delete",
        "deletecollection",
        "get",
        "list",
        "patch",
        "update",
        "watch"
      ]
    }
  ]
}
