{
  "apiVersion": "v1",
  "groupVersion": "scheduling.k8s.io/v1",
  "kind": "APIResourceList",
  "resources": [
    {
      "kind": "PriorityClass",
      "name": "priorityclasses",
      "namespaced": false,
      "shortNames": [
        "pc"
      ],
      "singularName": "priorityclass",
      "storageVersionHash": "1QwjyaZjj3Y=",
      "verbs": [
        "create",
        "delete",
        "deletecollection",
        "get",
        "list",
        "patch",
        "update",
        "watch"
      ]
    }
  ]
}
